benchmark,seed,N,method,predicted_return,true_return,avg_logprob,prefix_surprise,dynamics_error,action_energy,risk_rate,blocked,accepted_count
Pendulum-v1,100,1,raw,-95.52631578947367,-116.81316557046475,-2.883047948071901,5.006356289795724,1.7807057652143032,1.4772727272727273,1.0,0.0,1.0
Pendulum-v1,100,1,sieve_fallback,-116.36842105263158,-118.08049823416964,-1.991861694178976,4.655322926954038,0.17758673883621987,1.8181818181818183,1.0,1.0,0.0
Pendulum-v1,100,1,oracle,-95.52631578947367,-116.81316557046475,-2.883047948071901,5.006356289795724,1.7807057652143032,1.4772727272727273,1.0,0.0,1.0
Pendulum-v1,100,1,behavior_policy,-116.36842105263158,-118.08049823416964,-1.991861694178976,4.655322926954038,0.17758673883621987,1.8181818181818183,1.0,0.0,1.0
Pendulum-v1,100,8,raw,-85.10526315789474,-111.603291764678,-3.1657911875527627,7.695936308835532,1.4132714169599878,1.3409090909090908,1.0,0.0,8.0
Pendulum-v1,100,8,sieve_fallback,-116.36842105263158,-118.08049823416964,-1.991861694178976,4.655322926954038,0.17758673883621987,1.8181818181818183,1.0,1.0,0.0
Pendulum-v1,100,8,oracle,-99.86842105263158,-111.57523419970879,-2.9303621870326793,5.149252299351288,1.4222185879486053,1.6136363636363638,1.0,0.0,8.0
Pendulum-v1,100,8,behavior_policy,-116.36842105263158,-118.08049823416964,-1.991861694178976,4.655322926954038,0.17758673883621987,1.8181818181818183,1.0,0.0,1.0
Pendulum-v1,100,32,raw,-61.6578947368421,-115.08505559267391,-3.3235760735579674,11.627761941559857,1.8365713718301586,1.2272727272727275,1.0,0.0,32.0
Pendulum-v1,100,32,sieve_fallback,-116.36842105263158,-118.08049823416964,-1.991861694178976,4.655322926954038,0.17758673883621987,1.8181818181818183,1.0,1.0,0.0
Pendulum-v1,100,32,oracle,-99.86842105263158,-111.57523419970879,-2.9303621870326793,5.149252299351288,1.4222185879486053,1.6136363636363638,1.0,0.0,32.0
Pendulum-v1,100,32,behavior_policy,-116.36842105263158,-118.08049823416964,-1.991861694178976,4.655322926954038,0.17758673883621987,1.8181818181818183,1.0,0.0,1.0
Pendulum-v1,100,64,raw,-61.6578947368421,-115.08505559267391,-3.3235760735579674,11.627761941559857,1.8365713718301586,1.2272727272727275,1.0,0.0,64.0
Pendulum-v1,100,64,sieve_fallback,-116.36842105263158,-118.08049823416964,-1.991861694178976,4.655322926954038,0.17758673883621987,1.8181818181818183,1.0,1.0,0.0
Pendulum-v1,100,64,oracle,-81.63157894736841,-109.90057818481836,-3.0187994099224285,7.695936308835532,2.0118563112906935,1.3863636363636365,1.0,0.0,64.0
Pendulum-v1,100,64,behavior_policy,-116.36842105263158,-118.08049823416964,-1.991861694178976,4.655322926954038,0.17758673883621987,1.8181818181818183,1.0,0.0,1.0
Pendulum-v1,101,1,raw,-70.34210526315789,-135.84146237810228,-2.791444914545412,7.695936308835532,1.5096299741063128,1.590909090909091,1.0,0.0,1.0
Pendulum-v1,101,1,sieve_fallback,-115.5,-118.52266540275293,-0.8212364562254971,3.0894556771159176,0.24565884357989282,1.8181818181818181,1.0,1.0,0.0
Pendulum-v1,101,1,oracle,-70.34210526315789,-135.84146237810228,-2.791444914545412,7.695936308835532,1.5096299741063128,1.590909090909091,1.0,0.0,1.0
Pendulum-v1,101,1,behavior_policy,-115.5,-118.52266540275293,-0.8212364562254971,3.0894556771159176,0.24565884357989282,1.8181818181818181,1.0,0.0,1.0
Pendulum-v1,101,8,raw,-70.34210526315789,-135.84146237810228,-2.791444914545412,7.695936308835532,1.5096299741063128,1.590909090909091,1.0,0.0,8.0
Pendulum-v1,101,8,sieve_fallback,-115.5,-118.52266540275293,-0.8212364562254971,3.0894556771159176,0.24565884357989282,1.8181818181818181,1.0,1.0,0.0
Pendulum-v1,101,8,oracle,-84.23684210526315,-132.20725598744096,-3.091646855812185,7.759554815377668,1.27205230853404,1.4090909090909092,1.0,0.0,8.0
Pendulum-v1,101,8,behavior_policy,-115.5,-118.52266540275293,-0.8212364562254971,3.0894556771159176,0.24565884357989282,1.8181818181818181,1.0,0.0,1.0
Pendulum-v1,101,32,raw,-66.0,-134.67767109933402,-2.714703572105458,6.324457033500782,1.5778589492698814,1.6136363636363638,1.0,0.0,32.0
Pendulum-v1,101,32,sieve_fallback,-115.5,-118.52266540275293,-0.8212364562254971,3.0894556771159176,0.24565884357989282,1.8181818181818181,1.0,1.0,0.0
Pendulum-v1,101,32,oracle,-91.1842105263158,-129.14224745770696,-2.949514951066871,6.14710828309245,1.294215804734648,1.4772727272727275,1.0,0.0,32.0
Pendulum-v1,101,32,behavior_policy,-115.5,-118.52266540275293,-0.8212364562254971,3.0894556771159176,0.24565884357989282,1.8181818181818181,1.0,0.0,1.0
Pendulum-v1,101,64,raw,-66.0,-134.67767109933402,-2.714703572105458,6.324457033500782,1.5778589492698814,1.6136363636363638,1.0,0.0,64.0
Pendulum-v1,101,64,sieve_fallback,-115.5,-118.52266540275293,-0.8212364562254971,3.0894556771159176,0.24565884357989282,1.8181818181818181,1.0,1.0,0.0
Pendulum-v1,101,64,oracle,-73.8157894736842,-124.87881244600185,-2.674441495050409,5.458166346555022,1.3259517008428832,1.5909090909090908,1.0,0.0,64.0
Pendulum-v1,101,64,behavior_policy,-115.5,-118.52266540275293,-0.8212364562254971,3.0894556771159176,0.24565884357989282,1.8181818181818181,1.0,0.0,1.0
Pendulum-v1,102,1,raw,-74.68421052631578,-114.15803072123497,-2.9369639228205906,6.79148003460838,1.7121768793757142,1.5,1.0,0.0,1.0
Pendulum-v1,102,1,sieve_fallback,-113.76315789473684,-115.26820730283669,-1.797328832402341,4.204053471567431,0.19005085005698302,1.8181818181818183,1.0,1.0,0.0
Pendulum-v1,102,1,oracle,-74.68421052631578,-114.15803072123497,-2.9369639228205906,6.79148003460838,1.7121768793757142,1.5,1.0,0.0,1.0
Pendulum-v1,102,1,behavior_policy,-113.76315789473684,-115.26820730283669,-1.797328832402341,4.204053471567431,0.19005085005698302,1.8181818181818183,1.0,0.0,1.0
Pendulum-v1,102,8,raw,-73.8157894736842,-114.29499990698369,-2.914025724265047,5.696834635356757,1.3274068935268113,1.3181818181818181,1.0,0.0,8.0
Pendulum-v1,102,8,sieve_fallback,-113.76315789473684,-115.26820730283669,-1.797328832402341,4.204053471567431,0.19005085005698302,1.8181818181818183,1.0,1.0,0.0
Pendulum-v1,102,8,oracle,-78.1578947368421,-113.48642170383182,-2.948141678473684,6.610482104744934,1.0851850405698893,1.5,1.0,0.0,8.0
Pendulum-v1,102,8,behavior_policy,-113.76315789473684,-115.26820730283669,-1.797328832402341,4.204053471567431,0.19005085005698302,1.8181818181818183,1.0,0.0,1.0
Pendulum-v1,102,32,raw,-69.4736842105263,-113.71779333058733,-2.9842354987186854,7.695936308835532,1.5201696393432724,1.6136363636363638,1.0,0.0,32.0
Pendulum-v1,102,32,sieve_fallback,-113.76315789473684,-115.26820730283669,-1.797328832402341,4.204053471567431,0.19005085005698302,1.8181818181818183,1.0,1.0,0.0
Pendulum-v1,102,32,oracle,-79.02631578947368,-111.93186512292594,-3.2215992545993983,5.462344087328438,1.6855456594385552,1.3181818181818183,1.0,0.0,32.0
Pendulum-v1,102,32,behavior_policy,-113.76315789473684,-115.26820730283669,-1.797328832402341,4.204053471567431,0.19005085005698302,1.8181818181818183,1.0,0.0,1.0
Pendulum-v1,102,64,raw,-67.73684210526315,-116.12873246610818,-2.7496516676483576,5.18841157045976,1.6421383383781163,1.5454545454545454,1.0,0.0,64.0
Pendulum-v1,102,64,sieve_fallback,-113.76315789473684,-115.26820730283669,-1.797328832402341,4.204053471567431,0.19005085005698302,1.8181818181818183,1.0,1.0,0.0
Pendulum-v1,102,64,oracle,-98.13157894736842,-111.87042875717431,-2.7703686492962514,5.696834635356757,1.4904134267677431,1.6590909090909092,1.0,0.0,64.0
Pendulum-v1,102,64,behavior_policy,-113.76315789473684,-115.26820730283669,-1.797328832402341,4.204053471567431,0.19005085005698302,1.8181818181818183,1.0,0.0,1.0
Pendulum-v1,103,1,raw,-79.02631578947367,-107.84148837724314,-2.7525552938098534,7.695936308835532,1.6698331516582487,1.6136363636363638,1.0,0.0,1.0
Pendulum-v1,103,1,sieve_fallback,-96.39473684210526,-97.61885180383464,-2.0391327126443857,4.842124182970497,0.17942776503304514,1.8181818181818183,1.0,1.0,0.0
Pendulum-v1,103,1,oracle,-79.02631578947367,-107.84148837724314,-2.7525552938098534,7.695936308835532,1.6698331516582487,1.6136363636363638,1.0,0.0,1.0
Pendulum-v1,103,1,behavior_policy,-96.39473684210526,-97.61885180383464,-2.0391327126443857,4.842124182970497,0.17942776503304514,1.8181818181818183,1.0,0.0,1.0
Pendulum-v1,103,8,raw,-72.07894736842104,-109.50942814326467,-2.874253491898422,4.894695262485176,2.0182117384762313,1.3181818181818181,1.0,0.0,8.0
Pendulum-v1,103,8,sieve_fallback,-96.39473684210526,-97.61885180383464,-2.0391327126443857,4.842124182970497,0.17942776503304514,1.8181818181818183,1.0,1.0,0.0
Pendulum-v1,103,8,oracle,-89.44736842105263,-102.55084161981739,-3.0139384169723766,6.9536785863819865,1.694217374753979,1.431818181818182,1.0,0.0,8.0
Pendulum-v1,103,8,behavior_policy,-96.39473684210526,-97.61885180383464,-2.0391327126443857,4.842124182970497,0.17942776503304514,1.8181818181818183,1.0,0.0,1.0
Pendulum-v1,103,32,raw,-72.07894736842104,-109.50942814326467,-2.874253491898422,4.894695262485176,2.0182117384762313,1.3181818181818181,1.0,0.0,32.0
Pendulum-v1,103,32,sieve_fallback,-96.39473684210526,-97.61885180383464,-2.0391327126443857,4.842124182970497,0.17942776503304514,1.8181818181818183,1.0,1.0,0.0
Pendulum-v1,103,32,oracle,-89.44736842105263,-102.55084161981739,-3.0139384169723766,6.9536785863819865,1.694217374753979,1.431818181818182,1.0,0.0,32.0
Pendulum-v1,103,32,behavior_policy,-96.39473684210526,-97.61885180383464,-2.0391327126443857,4.842124182970497,0.17942776503304514,1.8181818181818183,1.0,0.0,1.0
Pendulum-v1,103,64,raw,-57.315789473684205,-100.30600352597591,-2.8049412710130217,5.18841157045976,2.2368732121371524,1.6136363636363638,1.0,0.0,64.0
Pendulum-v1,103,64,sieve_fallback,-96.39473684210526,-97.61885180383464,-2.0391327126443857,4.842124182970497,0.17942776503304514,1.8181818181818183,1.0,1.0,0.0
Pendulum-v1,103,64,oracle,-57.315789473684205,-100.30600352597591,-2.8049412710130217,5.18841157045976,2.2368732121371524,1.6136363636363638,1.0,0.0,64.0
Pendulum-v1,103,64,behavior_policy,-96.39473684210526,-97.61885180383464,-2.0391327126443857,4.842124182970497,0.17942776503304514,1.8181818181818183,1.0,0.0,1.0
Pendulum-v1,104,1,raw,-100.73684210526315,-114.91712098634099,-3.0759904404489142,8.36832724072517,1.2510947574924747,1.4318181818181819,1.0,0.0,1.0
Pendulum-v1,104,1,sieve_fallback,-119.84210526315789,-120.15061473510914,-2.2065430349685453,5.144212067717886,0.17642986514348943,1.8181818181818183,1.0,1.0,0.0
Pendulum-v1,104,1,oracle,-100.73684210526315,-114.91712098634099,-3.0759904404489142,8.36832724072517,1.2510947574924747,1.4318181818181819,1.0,0.0,1.0
Pendulum-v1,104,1,behavior_policy,-119.84210526315789,-120.15061473510914,-2.2065430349685453,5.144212067717886,0.17642986514348943,1.8181818181818183,1.0,0.0,1.0
Pendulum-v1,104,8,raw,-78.15789473684211,-111.99255530776372,-2.914757045637188,5.18841157045976,1.8918843223117694,1.4772727272727273,1.0,0.0,8.0
Pendulum-v1,104,8,sieve_fallback,-119.84210526315789,-120.15061473510914,-2.2065430349685453,5.144212067717886,0.17642986514348943,1.8181818181818183,1.0,1.0,0.0
Pendulum-v1,104,8,oracle,-105.94736842105263,-111.53468382926434,-3.1642208875298135,11.627761941559857,1.7812687562221592,1.5227272727272727,1.0,0.0,8.0
Pendulum-v1,104,8,behavior_policy,-119.84210526315789,-120.15061473510914,-2.2065430349685453,5.144212067717886,0.17642986514348943,1.8181818181818183,1.0,0.0,1.0
Pendulum-v1,104,32,raw,-77.28947368421052,-118.68425219351124,-3.0348894850457966,8.369665403538376,1.779048679951248,1.6363636363636362,1.0,0.0,32.0
Pendulum-v1,104,32,sieve_fallback,-119.84210526315789,-120.15061473510914,-2.2065430349685453,5.144212067717886,0.17642986514348943,1.8181818181818183,1.0,1.0,0.0
Pendulum-v1,104,32,oracle,-99.86842105263156,-110.11424431843703,-3.082491290451104,5.462344087328438,1.6793575414139612,1.3863636363636365,1.0,0.0,32.0
Pendulum-v1,104,32,behavior_policy,-119.84210526315789,-120.15061473510914,-2.2065430349685453,5.144212067717886,0.17642986514348943,1.8181818181818183,1.0,0.0,1.0
Pendulum-v1,104,64,raw,-65.13157894736841,-112.43680180578454,-2.935633167054005,7.012641424718598,1.6015814374792485,1.5454545454545454,1.0,0.0,64.0
Pendulum-v1,104,64,sieve_fallback,-119.84210526315789,-120.15061473510914,-2.2065430349685453,5.144212067717886,0.17642986514348943,1.8181818181818183,1.0,1.0,0.0
Pendulum-v1,104,64,oracle,-99.86842105263156,-110.11424431843703,-3.082491290451104,5.462344087328438,1.6793575414139612,1.3863636363636365,1.0,0.0,64.0
Pendulum-v1,104,64,behavior_policy,-119.84210526315789,-120.15061473510914,-2.2065430349685453,5.144212067717886,0.17642986514348943,1.8181818181818183,1.0,0.0,1.0
Pendulum-v1,105,1,raw,-83.36842105263158,-111.5832437445872,-3.109768225649764,6.610482104744934,1.6903759687817397,1.4090909090909092,1.0,0.0,1.0
Pendulum-v1,105,1,sieve_fallback,-86.84210526315789,-91.16488301274104,-1.8048134873672284,4.260960419094515,0.16656232621308842,1.8181818181818183,1.0,1.0,0.0
Pendulum-v1,105,1,oracle,-83.36842105263158,-111.5832437445872,-3.109768225649764,6.610482104744934,1.6903759687817397,1.4090909090909092,1.0,0.0,1.0
Pendulum-v1,105,1,behavior_policy,-86.84210526315789,-91.16488301274104,-1.8048134873672284,4.260960419094515,0.16656232621308842,1.8181818181818183,1.0,0.0,1.0
Pendulum-v1,105,8,raw,-71.21052631578947,-110.83957033291551,-2.8923711016218903,5.085859114857142,2.172077648661062,1.4090909090909092,1.0,0.0,8.0
Pendulum-v1,105,8,sieve_fallback,-86.84210526315789,-91.16488301274104,-1.8048134873672284,4.260960419094515,0.16656232621308842,1.8181818181818183,1.0,1.0,0.0
Pendulum-v1,105,8,oracle,-81.63157894736841,-106.1201012912707,-3.296267581520692,11.627761941559857,1.5313364656471902,1.4318181818181819,1.0,0.0,8.0
Pendulum-v1,105,8,behavior_policy,-86.84210526315789,-91.16488301274104,-1.8048134873672284,4.260960419094515,0.16656232621308842,1.8181818181818183,1.0,0.0,1.0
Pendulum-v1,105,32,raw,-62.52631578947367,-107.58243103310701,-2.763619825367758,4.796887706913679,1.938089664069249,1.6590909090909092,1.0,0.0,32.0
Pendulum-v1,105,32,sieve_fallback,-86.84210526315789,-91.16488301274104,-1.8048134873672284,4.260960419094515,0.16656232621308842,1.8181818181818183,1.0,1.0,0.0
Pendulum-v1,105,32,oracle,-81.63157894736841,-102.30433887347726,-3.00909652441999,6.928691394187608,2.0684911934748023,1.3863636363636365,1.0,0.0,32.0
Pendulum-v1,105,32,behavior_policy,-86.84210526315789,-91.16488301274104,-1.8048134873672284,4.260960419094515,0.16656232621308842,1.8181818181818183,1.0,0.0,1.0
Pendulum-v1,105,64,raw,-62.52631578947367,-107.58243103310701,-2.763619825367758,4.796887706913679,1.938089664069249,1.6590909090909092,1.0,0.0,64.0
Pendulum-v1,105,64,sieve_fallback,-86.84210526315789,-91.16488301274104,-1.8048134873672284,4.260960419094515,0.16656232621308842,1.8181818181818183,1.0,1.0,0.0
Pendulum-v1,105,64,oracle,-109.42105263157895,-101.98190787047383,-3.4712875138994224,11.627761941559857,1.6129905785450944,1.3181818181818183,1.0,0.0,64.0
Pendulum-v1,105,64,behavior_policy,-86.84210526315789,-91.16488301274104,-1.8048134873672284,4.260960419094515,0.16656232621308842,1.8181818181818183,1.0,0.0,1.0
Pendulum-v1,106,1,raw,-95.52631578947367,-145.0345028126286,-3.2388675027697933,7.695936308835532,0.9386773673718372,1.1590909090909092,1.0,0.0,1.0
Pendulum-v1,106,1,sieve_fallback,-110.28947368421052,-111.68012351759,-1.5458734533664915,4.126077846968476,0.10678562967843346,1.8181818181818181,1.0,1.0,0.0
Pendulum-v1,106,1,oracle,-95.52631578947367,-145.0345028126286,-3.2388675027697933,7.695936308835532,0.9386773673718372,1.1590909090909092,1.0,0.0,1.0
Pendulum-v1,106,1,behavior_policy,-110.28947368421052,-111.68012351759,-1.5458734533664915,4.126077846968476,0.10678562967843346,1.8181818181818181,1.0,0.0,1.0
Pendulum-v1,106,8,raw,-71.21052631578947,-136.95723950777727,-3.119196094382026,6.79148003460838,1.9291716517807245,1.3636363636363638,1.0,0.0,8.0
Pendulum-v1,106,8,sieve_fallback,-110.28947368421052,-111.68012351759,-1.5458734533664915,4.126077846968476,0.10678562967843346,1.8181818181818181,1.0,1.0,0.0
Pendulum-v1,106,8,oracle,-102.4736842105263,-123.34305689831002,-3.038756836298408,7.695936308835532,1.091035070286746,1.3636363636363635,1.0,0.0,8.0
Pendulum-v1,106,8,behavior_policy,-110.28947368421052,-111.68012351759,-1.5458734533664915,4.126077846968476,0.10678562967843346,1.8181818181818181,1.0,0.0,1.0
Pendulum-v1,106,32,raw,-54.71052631578947,-141.34362026528987,-2.6371799758166383,5.320248078776107,1.0172711216390806,1.5681818181818183,1.0,0.0,32.0
Pendulum-v1,106,32,sieve_fallback,-110.28947368421052,-111.68012351759,-1.5458734533664915,4.126077846968476,0.10678562967843346,1.8181818181818181,1.0,1.0,0.0
Pendulum-v1,106,32,oracle,-102.4736842105263,-123.34305689831002,-3.038756836298408,7.695936308835532,1.091035070286746,1.3636363636363635,1.0,0.0,32.0
Pendulum-v1,106,32,behavior_policy,-110.28947368421052,-111.68012351759,-1.5458734533664915,4.126077846968476,0.10678562967843346,1.8181818181818181,1.0,0.0,1.0
Pendulum-v1,106,64,raw,-54.71052631578947,-141.34362026528987,-2.6371799758166383,5.320248078776107,1.0172711216390806,1.5681818181818183,1.0,0.0,64.0
Pendulum-v1,106,64,sieve_fallback,-110.28947368421052,-111.68012351759,-1.5458734533664915,4.126077846968476,0.10678562967843346,1.8181818181818181,1.0,1.0,0.0
Pendulum-v1,106,64,oracle,-100.73684210526315,-121.87363329400847,-2.9686295082321212,4.796887706913679,1.4860859678838507,1.3863636363636362,1.0,0.0,64.0
Pendulum-v1,106,64,behavior_policy,-110.28947368421052,-111.68012351759,-1.5458734533664915,4.126077846968476,0.10678562967843346,1.8181818181818181,1.0,0.0,1.0
Pendulum-v1,107,1,raw,-83.36842105263158,-104.42099478797829,-2.828744931017669,5.18841157045976,1.6238109798250933,1.590909090909091,1.0,0.0,1.0
Pendulum-v1,107,1,sieve_fallback,-68.60526315789473,-72.6941185023106,-2.061825132511537,4.403597659556801,0.1449382493963888,1.8181818181818181,1.0,1.0,0.0
Pendulum-v1,107,1,oracle,-83.36842105263158,-104.42099478797829,-2.828744931017669,5.18841157045976,1.6238109798250933,1.590909090909091,1.0,0.0,1.0
Pendulum-v1,107,1,behavior_policy,-68.60526315789473,-72.6941185023106,-2.061825132511537,4.403597659556801,0.1449382493963888,1.8181818181818181,1.0,0.0,1.0
Pendulum-v1,107,8,raw,-52.97368421052631,-102.51991920243282,-2.692731787585258,5.462344087328438,1.9843623823352978,1.5909090909090908,1.0,0.0,8.0
Pendulum-v1,107,8,sieve_fallback,-68.60526315789473,-72.6941185023106,-2.061825132511537,4.403597659556801,0.1449382493963888,1.8181818181818181,1.0,1.0,0.0
Pendulum-v1,107,8,oracle,-72.07894736842105,-90.41870160996251,-2.8071273593920676,6.79148003460838,2.3890010922554374,1.5,1.0,0.0,8.0
Pendulum-v1,107,8,behavior_policy,-68.60526315789473,-72.6941185023106,-2.061825132511537,4.403597659556801,0.1449382493963888,1.8181818181818181,1.0,0.0,1.0
Pendulum-v1,107,32,raw,-52.97368421052631,-102.51991920243282,-2.692731787585258,5.462344087328438,1.9843623823352978,1.5909090909090908,1.0,0.0,32.0
Pendulum-v1,107,32,sieve_fallback,-68.60526315789473,-72.6941185023106,-2.061825132511537,4.403597659556801,0.1449382493963888,1.8181818181818181,1.0,1.0,0.0
Pendulum-v1,107,32,oracle,-72.07894736842105,-90.41870160996251,-2.8071273593920676,6.79148003460838,2.3890010922554374,1.5,1.0,0.0,32.0
Pendulum-v1,107,32,behavior_policy,-68.60526315789473,-72.6941185023106,-2.061825132511537,4.403597659556801,0.1449382493963888,1.8181818181818181,1.0,0.0,1.0
Pendulum-v1,107,64,raw,-48.63157894736841,-98.14646649600242,-3.1819038388734264,7.695936308835532,1.5145640284212725,1.2727272727272727,1.0,0.0,64.0
Pendulum-v1,107,64,sieve_fallback,-68.60526315789473,-72.6941185023106,-2.061825132511537,4.403597659556801,0.1449382493963888,1.8181818181818181,1.0,1.0,0.0
Pendulum-v1,107,64,oracle,-85.9736842105263,-84.99247748785336,-2.8906479153038167,11.627761941559857,1.62275281911081,1.5681818181818181,1.0,0.0,64.0
Pendulum-v1,107,64,behavior_policy,-68.60526315789473,-72.6941185023106,-2.061825132511537,4.403597659556801,0.1449382493963888,1.8181818181818181,1.0,0.0,1.0
Pendulum-v1,108,1,raw,-102.4736842105263,-114.32843608364459,-2.8997713463402626,8.369665403538376,1.9291236524034685,1.590909090909091,1.0,0.0,1.0
Pendulum-v1,108,1,sieve_fallback,-121.57894736842104,-122.95231754775165,-1.4861335269059361,4.467439632899825,0.18296799504134786,1.8181818181818183,1.0,1.0,0.0
Pendulum-v1,108,1,oracle,-102.4736842105263,-114.32843608364459,-2.8997713463402626,8.369665403538376,1.9291236524034685,1.590909090909091,1.0,0.0,1.0
Pendulum-v1,108,1,behavior_policy,-121.57894736842104,-122.95231754775165,-1.4861335269059361,4.467439632899825,0.18296799504134786,1.8181818181818183,1.0,0.0,1.0
Pendulum-v1,108,8,raw,-71.21052631578947,-117.4050147126494,-3.115670121183515,7.389852237338552,2.1226477164981223,1.2045454545454546,1.0,0.0,8.0
Pendulum-v1,108,8,sieve_fallback,-121.57894736842104,-122.95231754775165,-1.4861335269059361,4.467439632899825,0.18296799504134786,1.8181818181818183,1.0,1.0,0.0
Pendulum-v1,108,8,oracle,-89.44736842105263,-113.60438310550245,-2.8705394729803473,7.695936308835532,1.4546245549517969,1.6136363636363638,1.0,0.0,8.0
Pendulum-v1,108,8,behavior_policy,-121.57894736842104,-122.95231754775165,-1.4861335269059361,4.467439632899825,0.18296799504134786,1.8181818181818183,1.0,0.0,1.0
Pendulum-v1,108,32,raw,-62.526315789473685,-119.49901351696522,-2.9347609719244097,6.863272432623106,1.2051596048010564,1.4772727272727275,1.0,0.0,32.0
Pendulum-v1,108,32,sieve_fallback,-121.57894736842104,-122.95231754775165,-1.4861335269059361,4.467439632899825,0.18296799504134786,1.8181818181818183,1.0,1.0,0.0
Pendulum-v1,108,32,oracle,-101.60526315789474,-113.55601741897868,-3.395311174766411,11.627761941559857,1.7536672892342933,1.3863636363636365,1.0,0.0,32.0
Pendulum-v1,108,32,behavior_policy,-121.57894736842104,-122.95231754775165,-1.4861335269059361,4.467439632899825,0.18296799504134786,1.8181818181818183,1.0,0.0,1.0
Pendulum-v1,108,64,raw,-57.315789473684205,-112.4353719828504,-2.954966902207992,7.695936308835532,1.9816559517565024,1.4772727272727275,1.0,0.0,64.0
Pendulum-v1,108,64,sieve_fallback,-121.57894736842104,-122.95231754775165,-1.4861335269059361,4.467439632899825,0.18296799504134786,1.8181818181818183,1.0,1.0,0.0
Pendulum-v1,108,64,oracle,-113.76315789473684,-112.20469461748885,-2.9746723005479936,5.696834635356757,1.6698676896863034,1.6136363636363638,1.0,0.0,64.0
Pendulum-v1,108,64,behavior_policy,-121.57894736842104,-122.95231754775165,-1.4861335269059361,4.467439632899825,0.18296799504134786,1.8181818181818183,1.0,0.0,1.0
Pendulum-v1,109,1,raw,-94.6578947368421,-45.48086948206844,-3.109235643351807,7.695936308835532,2.3218500160896283,1.340909090909091,1.0,0.0,1.0
Pendulum-v1,109,1,sieve_fallback,-23.447368421052627,-25.703464450648532,-1.5780954501977442,4.280205571551282,0.16474991812621964,1.5,1.0,1.0,0.0
Pendulum-v1,109,1,oracle,-94.6578947368421,-45.48086948206844,-3.109235643351807,7.695936308835532,2.3218500160896283,1.340909090909091,1.0,0.0,1.0
Pendulum-v1,109,1,behavior_policy,-23.447368421052627,-25.703464450648532,-1.5780954501977442,4.280205571551282,0.16474991812621964,1.5,1.0,0.0,1.0
Pendulum-v1,109,8,raw,-56.44736842105263,-86.09744399326512,-2.8958744166206354,5.696834635356757,2.2013574464634305,1.272727272727273,1.0,0.0,8.0
Pendulum-v1,109,8,sieve_fallback,-23.447368421052627,-25.703464450648532,-1.5780954501977442,4.280205571551282,0.16474991812621964,1.5,1.0,1.0,0.0
Pendulum-v1,109,8,oracle,-85.10526315789474,-29.060544889451553,-3.0444629527729075,11.627761941559857,2.4109337023882196,1.431818181818182,1.0,0.0,8.0
Pendulum-v1,109,8,behavior_policy,-23.447368421052627,-25.703464450648532,-1.5780954501977442,4.280205571551282,0.16474991812621964,1.5,1.0,0.0,1.0
Pendulum-v1,109,32,raw,-56.44736842105263,-86.09744399326512,-2.8958744166206354,5.696834635356757,2.2013574464634305,1.272727272727273,1.0,0.0,32.0
Pendulum-v1,109,32,sieve_fallback,-23.447368421052627,-25.703464450648532,-1.5780954501977442,4.280205571551282,0.16474991812621964,1.5,1.0,1.0,0.0
Pendulum-v1,109,32,oracle,-85.10526315789474,-29.060544889451553,-3.0444629527729075,11.627761941559857,2.4109337023882196,1.431818181818182,1.0,0.0,32.0
Pendulum-v1,109,32,behavior_policy,-23.447368421052627,-25.703464450648532,-1.5780954501977442,4.280205571551282,0.16474991812621964,1.5,1.0,0.0,1.0
Pendulum-v1,109,64,raw,-56.44736842105262,-80.14676112280631,-2.865864782055624,6.79148003460838,1.665952734531662,1.4545454545454546,1.0,0.0,64.0
Pendulum-v1,109,64,sieve_fallback,-23.447368421052627,-25.703464450648532,-1.5780954501977442,4.280205571551282,0.16474991812621964,1.5,1.0,1.0,0.0
Pendulum-v1,109,64,oracle,-85.10526315789474,-29.060544889451553,-3.0444629527729075,11.627761941559857,2.4109337023882196,1.431818181818182,1.0,0.0,64.0
Pendulum-v1,109,64,behavior_policy,-23.447368421052627,-25.703464450648532,-1.5780954501977442,4.280205571551282,0.16474991812621964,1.5,1.0,0.0,1.0
Pendulum-v1,110,1,raw,-87.71052631578948,-131.56193972123447,-3.163334875886802,11.627761941559857,1.4289935596273229,1.2272727272727273,1.0,0.0,1.0
Pendulum-v1,110,1,sieve_fallback,-118.10526315789474,-122.92489615861831,-0.3807055488009163,3.0894556771159176,0.1500537234461276,1.8181818181818181,1.0,1.0,0.0
Pendulum-v1,110,1,oracle,-87.71052631578948,-131.56193972123447,-3.163334875886802,11.627761941559857,1.4289935596273229,1.2272727272727273,1.0,0.0,1.0
Pendulum-v1,110,1,behavior_policy,-118.10526315789474,-122.92489615861831,-0.3807055488009163,3.0894556771159176,0.1500537234461276,1.8181818181818181,1.0,0.0,1.0
Pendulum-v1,110,8,raw,-67.73684210526315,-134.92304465139694,-2.879112144650627,7.297028601273527,1.0828054525598003,1.5,1.0,0.0,8.0
Pendulum-v1,110,8,sieve_fallback,-118.10526315789474,-122.92489615861831,-0.3807055488009163,3.0894556771159176,0.1500537234461276,1.8181818181818181,1.0,1.0,0.0
Pendulum-v1,110,8,oracle,-105.07894736842104,-126.29386284065885,-2.709078641344935,7.694598146022327,1.184587902729616,1.7500000000000002,1.0,0.0,8.0
Pendulum-v1,110,8,behavior_policy,-118.10526315789474,-122.92489615861831,-0.3807055488009163,3.0894556771159176,0.1500537234461276,1.8181818181818181,1.0,0.0,1.0
Pendulum-v1,110,32,raw,-54.710526315789465,-133.39706000689335,-2.9934626066633157,11.627761941559857,1.3433077521965135,1.5454545454545456,1.0,0.0,32.0
Pendulum-v1,110,32,sieve_fallback,-118.10526315789474,-122.92489615861831,-0.3807055488009163,3.0894556771159176,0.1500537234461276,1.8181818181818181,1.0,1.0,0.0
Pendulum-v1,110,32,oracle,-105.07894736842104,-126.29386284065885,-2.709078641344935,7.694598146022327,1.184587902729616,1.7500000000000002,1.0,0.0,32.0
Pendulum-v1,110,32,behavior_policy,-118.10526315789474,-122.92489615861831,-0.3807055488009163,3.0894556771159176,0.1500537234461276,1.8181818181818181,1.0,0.0,1.0
Pendulum-v1,110,64,raw,-54.710526315789465,-133.39706000689335,-2.9934626066633157,11.627761941559857,1.3433077521965135,1.5454545454545456,1.0,0.0,64.0
Pendulum-v1,110,64,sieve_fallback,-118.10526315789474,-122.92489615861831,-0.3807055488009163,3.0894556771159176,0.1500537234461276,1.8181818181818181,1.0,1.0,0.0
Pendulum-v1,110,64,oracle,-78.1578947368421,-125.85463567308231,-3.311071557269283,11.627761941559857,1.3730082396584764,1.272727272727273,1.0,0.0,64.0
Pendulum-v1,110,64,behavior_policy,-118.10526315789474,-122.92489615861831,-0.3807055488009163,3.0894556771159176,0.1500537234461276,1.8181818181818181,1.0,0.0,1.0
Pendulum-v1,111,1,raw,-92.05263157894737,-115.97589363067829,-3.0349785393523128,5.18841157045976,1.2002430451837323,1.4545454545454548,1.0,0.0,1.0
Pendulum-v1,111,1,sieve_fallback,-123.3157894736842,-123.5643187308373,-1.9448195686996945,4.82578094719923,0.18208967241721613,1.8181818181818183,1.0,1.0,0.0
Pendulum-v1,111,1,oracle,-92.05263157894737,-115.97589363067829,-3.0349785393523128,5.18841157045976,1.2002430451837323,1.4545454545454548,1.0,0.0,1.0
Pendulum-v1,111,1,behavior_policy,-123.3157894736842,-123.5643187308373,-1.9448195686996945,4.82578094719923,0.18208967241721613,1.8181818181818183,1.0,0.0,1.0
Pendulum-v1,111,8,raw,-74.68421052631578,-112.5390171005302,-3.2395403354221446,7.297028601273527,1.7089337992618228,1.2727272727272727,1.0,0.0,8.0
Pendulum-v1,111,8,sieve_fallback,-123.3157894736842,-123.5643187308373,-1.9448195686996945,4.82578094719923,0.18208967241721613,1.8181818181818183,1.0,1.0,0.0
Pendulum-v1,111,8,oracle,-74.68421052631578,-112.5390171005302,-3.2395403354221446,7.297028601273527,1.7089337992618228,1.2727272727272727,1.0,0.0,8.0
Pendulum-v1,111,8,behavior_policy,-123.3157894736842,-123.5643187308373,-1.9448195686996945,4.82578094719923,0.18208967241721613,1.8181818181818183,1.0,0.0,1.0
Pendulum-v1,111,32,raw,-71.21052631578948,-118.91373097769039,-2.739044790094507,5.84086456019315,1.322540995520964,1.6363636363636365,1.0,0.0,32.0
Pendulum-v1,111,32,sieve_fallback,-123.3157894736842,-123.5643187308373,-1.9448195686996945,4.82578094719923,0.18208967241721613,1.8181818181818183,1.0,1.0,0.0
Pendulum-v1,111,32,oracle,-95.52631578947367,-109.84927535489734,-3.3633469279647468,11.627761941559857,2.027499742541043,1.3863636363636362,1.0,0.0,32.0
Pendulum-v1,111,32,behavior_policy,-123.3157894736842,-123.5643187308373,-1.9448195686996945,4.82578094719923,0.18208967241721613,1.8181818181818183,1.0,0.0,1.0
Pendulum-v1,111,64,raw,-64.26315789473684,-113.3611694848268,-2.980615369228721,6.79148003460838,1.6048869676317938,1.2954545454545454,1.0,0.0,64.0
Pendulum-v1,111,64,sieve_fallback,-123.3157894736842,-123.5643187308373,-1.9448195686996945,4.82578094719923,0.18208967241721613,1.8181818181818183,1.0,1.0,0.0
Pendulum-v1,111,64,oracle,-95.52631578947367,-109.84927535489734,-3.3633469279647468,11.627761941559857,2.027499742541043,1.3863636363636362,1.0,0.0,64.0
Pendulum-v1,111,64,behavior_policy,-123.3157894736842,-123.5643187308373,-1.9448195686996945,4.82578094719923,0.18208967241721613,1.8181818181818183,1.0,0.0,1.0
Pendulum-v1,112,1,raw,-95.52631578947368,-120.81172902628114,-3.1949124967928237,5.462344087328438,1.6134643588980655,1.1818181818181819,1.0,0.0,1.0
Pendulum-v1,112,1,sieve_fallback,-106.8157894736842,-110.83423148167597,-1.3963816461454572,4.434263319277314,0.11090305343523782,1.8181818181818183,1.0,1.0,0.0
Pendulum-v1,112,1,oracle,-95.52631578947368,-120.81172902628114,-3.1949124967928237,5.462344087328438,1.6134643588980655,1.1818181818181819,1.0,0.0,1.0
Pendulum-v1,112,1,behavior_policy,-106.8157894736842,-110.83423148167597,-1.3963816461454572,4.434263319277314,0.11090305343523782,1.8181818181818183,1.0,0.0,1.0
Pendulum-v1,112,8,raw,-85.97368421052632,-119.94943724895562,-3.1257806279264897,7.694598146022327,1.4700455972435578,1.3636363636363638,1.0,0.0,8.0
Pendulum-v1,112,8,sieve_fallback,-106.8157894736842,-110.83423148167597,-1.3963816461454572,4.434263319277314,0.11090305343523782,1.8181818181818183,1.0,1.0,0.0
Pendulum-v1,112,8,oracle,-85.97368421052632,-119.94943724895562,-3.1257806279264897,7.694598146022327,1.4700455972435578,1.3636363636363638,1.0,0.0,8.0
Pendulum-v1,112,8,behavior_policy,-106.8157894736842,-110.83423148167597,-1.3963816461454572,4.434263319277314,0.11090305343523782,1.8181818181818183,1.0,0.0,1.0
Pendulum-v1,112,32,raw,-64.26315789473684,-124.24610086246719,-3.2350663601522847,8.369665403538376,1.2474668057602984,1.1818181818181819,1.0,0.0,32.0
Pendulum-v1,112,32,sieve_fallback,-106.8157894736842,-110.83423148167597,-1.3963816461454572,4.434263319277314,0.11090305343523782,1.8181818181818183,1.0,1.0,0.0
Pendulum-v1,112,32,oracle,-95.52631578947367,-118.13076276277589,-2.8933845999279217,6.485732250783221,1.7082272562174272,1.6363636363636365,1.0,0.0,32.0
Pendulum-v1,112,32,behavior_policy,-106.8157894736842,-110.83423148167597,-1.3963816461454572,4.434263319277314,0.11090305343523782,1.8181818181818183,1.0,0.0,1.0
Pendulum-v1,112,64,raw,-63.39473684210526,-121.51118017565722,-2.8139683245984064,5.18841157045976,1.5773008842751142,1.3409090909090908,1.0,0.0,64.0
Pendulum-v1,112,64,sieve_fallback,-106.8157894736842,-110.83423148167597,-1.3963816461454572,4.434263319277314,0.11090305343523782,1.8181818181818183,1.0,1.0,0.0
Pendulum-v1,112,64,oracle,-95.52631578947367,-118.13076276277589,-2.8933845999279217,6.485732250783221,1.7082272562174272,1.6363636363636365,1.0,0.0,64.0
Pendulum-v1,112,64,behavior_policy,-106.8157894736842,-110.83423148167597,-1.3963816461454572,4.434263319277314,0.11090305343523782,1.8181818181818183,1.0,0.0,1.0
Pendulum-v1,113,1,raw,-96.39473684210526,-126.3650952689427,-3.0495921448443606,11.627761941559857,1.4301133462884672,1.4090909090909092,1.0,0.0,1.0
Pendulum-v1,113,1,sieve_fallback,-129.39473684210526,-134.02275195685087,-0.7245993589095637,4.225450909345395,0.12005748968127052,1.8181818181818183,1.0,1.0,0.0
Pendulum-v1,113,1,oracle,-96.39473684210526,-126.3650952689427,-3.0495921448443606,11.627761941559857,1.4301133462884672,1.4090909090909092,1.0,0.0,1.0
Pendulum-v1,113,1,behavior_policy,-129.39473684210526,-134.02275195685087,-0.7245993589095637,4.225450909345395,0.12005748968127052,1.8181818181818183,1.0,0.0,1.0
Pendulum-v1,113,8,raw,-65.13157894736841,-133.55729669079022,-3.15202629248564,7.695936308835532,1.142116387104916,1.3636363636363638,1.0,0.0,8.0
Pendulum-v1,113,8,sieve_fallback,-129.39473684210526,-134.02275195685087,-0.7245993589095637,4.225450909345395,0.12005748968127052,1.8181818181818183,1.0,1.0,0.0
Pendulum-v1,113,8,oracle,-90.31578947368422,-126.26764218628423,-3.128788428085558,5.696834635356757,1.3626743921540014,1.1818181818181819,1.0,0.0,8.0
Pendulum-v1,113,8,behavior_policy,-129.39473684210526,-134.02275195685087,-0.7245993589095637,4.225450909345395,0.12005748968127052,1.8181818181818183,1.0,0.0,1.0
Pendulum-v1,113,32,raw,-65.13157894736841,-133.55729669079022,-3.15202629248564,7.695936308835532,1.142116387104916,1.3636363636363638,1.0,0.0,32.0
Pendulum-v1,113,32,sieve_fallback,-129.39473684210526,-134.02275195685087,-0.7245993589095637,4.225450909345395,0.12005748968127052,1.8181818181818183,1.0,1.0,0.0
Pendulum-v1,113,32,oracle,-86.84210526315788,-121.50378536810003,-3.3842631569834123,8.369665403538376,1.3783428193340774,1.2954545454545454,1.0,0.0,32.0
Pendulum-v1,113,32,behavior_policy,-129.39473684210526,-134.02275195685087,-0.7245993589095637,4.225450909345395,0.12005748968127052,1.8181818181818183,1.0,0.0,1.0
Pendulum-v1,113,64,raw,-46.89473684210525,-125.83230432977892,-2.906522299935835,6.79148003460838,1.835699772983853,1.5227272727272727,1.0,0.0,64.0
Pendulum-v1,113,64,sieve_fallback,-129.39473684210526,-134.02275195685087,-0.7245993589095637,4.225450909345395,0.12005748968127052,1.8181818181818183,1.0,1.0,0.0
Pendulum-v1,113,64,oracle,-91.18421052631578,-120.46090851868416,-3.2139415681961547,5.612206257726823,1.758135677431319,1.2045454545454546,1.0,0.0,64.0
Pendulum-v1,113,64,behavior_policy,-129.39473684210526,-134.02275195685087,-0.7245993589095637,4.225450909345395,0.12005748968127052,1.8181818181818183,1.0,0.0,1.0
Pendulum-v1,114,1,raw,-78.1578947368421,-102.76208639910845,-3.074967629663927,11.627761941559857,1.6074710213169363,1.4318181818181819,1.0,0.0,1.0
Pendulum-v1,114,1,sieve_fallback,-85.97368421052632,-88.3539863729775,-1.5210961254904802,5.097686331299283,0.14588546003209424,1.8181818181818183,1.0,1.0,0.0
Pendulum-v1,114,1,oracle,-78.1578947368421,-102.76208639910845,-3.074967629663927,11.627761941559857,1.6074710213169363,1.4318181818181819,1.0,0.0,1.0
Pendulum-v1,114,1,behavior_policy,-85.97368421052632,-88.3539863729775,-1.5210961254904802,5.097686331299283,0.14588546003209424,1.8181818181818183,1.0,0.0,1.0
Pendulum-v1,114,8,raw,-70.34210526315789,-104.97420496013851,-3.2384188662142592,5.2291670070246505,1.5569927443061562,1.25,1.0,0.0,8.0
Pendulum-v1,114,8,sieve_fallback,-85.97368421052632,-88.3539863729775,-1.5210961254904802,5.097686331299283,0.14588546003209424,1.8181818181818183,1.0,1.0,0.0
Pendulum-v1,114,8,oracle,-80.76315789473682,-99.47694691751042,-2.7133887602418567,5.097686331299283,1.685340386431739,1.659090909090909,1.0,0.0,8.0
Pendulum-v1,114,8,behavior_policy,-85.97368421052632,-88.3539863729775,-1.5210961254904802,5.097686331299283,0.14588546003209424,1.8181818181818183,1.0,0.0,1.0
Pendulum-v1,114,32,raw,-66.86842105263158,-103.73658646202287,-2.7282936565850693,5.097686331299283,1.4612413035520917,1.5454545454545454,1.0,0.0,32.0
Pendulum-v1,114,32,sieve_fallback,-85.97368421052632,-88.3539863729775,-1.5210961254904802,5.097686331299283,0.14588546003209424,1.8181818181818183,1.0,1.0,0.0
Pendulum-v1,114,32,oracle,-91.18421052631578,-98.22024823940806,-3.224179520888963,6.79148003460838,1.8424010113760263,1.4545454545454546,1.0,0.0,32.0
Pendulum-v1,114,32,behavior_policy,-85.97368421052632,-88.3539863729775,-1.5210961254904802,5.097686331299283,0.14588546003209424,1.8181818181818183,1.0,0.0,1.0
Pendulum-v1,114,64,raw,-66.86842105263158,-103.73658646202287,-2.7282936565850693,5.097686331299283,1.4612413035520917,1.5454545454545454,1.0,0.0,64.0
Pendulum-v1,114,64,sieve_fallback,-85.97368421052632,-88.3539863729775,-1.5210961254904802,5.097686331299283,0.14588546003209424,1.8181818181818183,1.0,1.0,0.0
Pendulum-v1,114,64,oracle,-85.9736842105263,-98.10099980570584,-2.942592001128165,11.627761941559857,1.9453447078243138,1.7272727272727273,1.0,0.0,64.0
Pendulum-v1,114,64,behavior_policy,-85.97368421052632,-88.3539863729775,-1.5210961254904802,5.097686331299283,0.14588546003209424,1.8181818181818183,1.0,0.0,1.0
Pendulum-v1,115,1,raw,-82.5,-106.01416229753455,-2.7296032384275706,7.297028601273527,1.6826717954320847,1.6136363636363638,1.0,0.0,1.0
Pendulum-v1,115,1,sieve_fallback,-94.65789473684211,-96.33038573908868,-2.0744571296532426,5.988805671158116,0.17131428741483945,1.8181818181818183,1.0,1.0,0.0
Pendulum-v1,115,1,oracle,-82.5,-106.01416229753455,-2.7296032384275706,7.297028601273527,1.6826717954320847,1.6136363636363638,1.0,0.0,1.0
Pendulum-v1,115,1,behavior_policy,-94.65789473684211,-96.33038573908868,-2.0744571296532426,5.988805671158116,0.17131428741483945,1.8181818181818183,1.0,0.0,1.0
Pendulum-v1,115,8,raw,-70.34210526315789,-104.42233466091616,-2.98192071498455,7.015545772991833,2.5748357061013474,1.4318181818181817,1.0,0.0,8.0
Pendulum-v1,115,8,sieve_fallback,-94.65789473684211,-96.33038573908868,-2.0744571296532426,5.988805671158116,0.17131428741483945,1.8181818181818183,1.0,1.0,0.0
Pendulum-v1,115,8,oracle,-73.8157894736842,-103.38211014193227,-2.8794960004240373,8.369665403538376,1.4156819597857724,1.5909090909090908,1.0,0.0,8.0
Pendulum-v1,115,8,behavior_policy,-94.65789473684211,-96.33038573908868,-2.0744571296532426,5.988805671158116,0.17131428741483945,1.8181818181818183,1.0,0.0,1.0
Pendulum-v1,115,32,raw,-56.44736842105262,-108.34350458625796,-2.9405633688677777,8.369665403538376,1.6381144043737526,1.3636363636363638,1.0,0.0,32.0
Pendulum-v1,115,32,sieve_fallback,-94.65789473684211,-96.33038573908868,-2.0744571296532426,5.988805671158116,0.17131428741483945,1.8181818181818183,1.0,1.0,0.0
Pendulum-v1,115,32,oracle,-102.47368421052632,-99.45698001634184,-2.9398695961804875,6.610482104744934,1.4184127046651906,1.5909090909090908,1.0,0.0,32.0
Pendulum-v1,115,32,behavior_policy,-94.65789473684211,-96.33038573908868,-2.0744571296532426,5.988805671158116,0.17131428741483945,1.8181818181818183,1.0,0.0,1.0
Pendulum-v1,115,64,raw,-56.44736842105262,-108.34350458625796,-2.9405633688677777,8.369665403538376,1.6381144043737526,1.3636363636363638,1.0,0.0,64.0
Pendulum-v1,115,64,sieve_fallback,-94.65789473684211,-96.33038573908868,-2.0744571296532426,5.988805671158116,0.17131428741483945,1.8181818181818183,1.0,1.0,0.0
Pendulum-v1,115,64,oracle,-102.47368421052632,-99.45698001634184,-2.9398695961804875,6.610482104744934,1.4184127046651906,1.5909090909090908,1.0,0.0,64.0
Pendulum-v1,115,64,behavior_policy,-94.65789473684211,-96.33038573908868,-2.0744571296532426,5.988805671158116,0.17131428741483945,1.8181818181818183,1.0,0.0,1.0
